﻿{
  "$schema": "https://developer.microsoft.com/en-us/json-schemas/teams/v1.7/MicrosoftTeams.Localization.schema.json",
  "name.short": "Обучение сотрудников (L&D)",
  "name.full": "Обучение сотрудников (команда L&D)",
  "description.short": "Команды L&D будут создавать события и управлять ими для привлечения сотрудников.",
  "description.full": "Предложите сотрудникам обучаться там, где они тратят больше всего времени: непосредственно в Microsoft Teams. Ваша команда обучения и развития может создавать новые учебные события, указывать их участников, выбирать, является ли событие обязательным, а также закрывать регистрацию после достижения необходимого количества участников. Встроенные напоминания помогут поддерживать полную посещаемость ваших событий.",
  "staticTabs[0].name": "Управление событиями",
  "bots[0].commandLists[0].commands[0].title": "Добавить событие",
  "bots[0].commandLists[0].commands[0].description": "Добавить событие для пользователей"
}